{
    "uid": "048F78341571C345DD1B45C6D394BC54BD56",
    "lastModificationTime": 0,
    "items": {
        "name": "YoutubePlayer",
        "type": "application_language_bundle",
        "phrases": {
            "6AB2228E466E754DE6582B034259F8192B6F": "Loop : ",
            "204872C02841574E4C6A2AE61E017666C375": "Width :",
            "738E36651FEC584B252B4FA003805C70852E": "Height :",
            "638F9EE221A21942247B4155002A6AD23044": "Setup",
            "794909082A2BB1465C6A81370142E733E3F3": "Select Quality",
            "3178C27708A4714F473AE3D5396EB968ECBC": "Set Video Size",
            "36361FFD1F93B649D0689496BDF5A84BF05A": "Loop ON/OFF",
            "57BAE91534E84640DA4853768D3A65AF50A8": "Loop",
            "D0537B669AE44844AA281383855FF4F97DBD": "YouTube Player",
            "58A3E7F57785504564592684F9B5CFE258F9": "Name",
            "4DD6E071550CD848861AC3D4383C2207E245": "Name :",
            "C448626F83438844E7385D351CB4A26D6080": "Loop(ON=1, OFF=0) : ",
            "7FDE94053A7D1849EC6A78B28EC10D312A4D": "Repeat(ON=1, OFF=0) : ",
            "43095C7F986D474BBB88D50834800A3FC643": "Loop Off",
            "45EDCD9348AB48493478B30176656B4CBA84": "Loop On",
            "995400FB47789345B19B19E03EF6E66413BD": "Default",
            "C31D03751F8CA348B15B8E52333DF2A93E88": "Best Quality",
            "544642DD3A1DA043BB8A58B2720827216AA4": "if the value is 1 is to true, else if it it is 0 is to false",
            "2E24EC372554D647B418B9C5B6BD4DF0A802": "Play YouTube Video",
            "A7CB73E5548AE6481D8B1D19E88541565A03": "Callback Time",
            "4AEDD0DF637CA04263986372895B228604EB": "ms :"
        },
        "parentId": "2B64D552KE2D4A49F9SB3A9EE72E018E0396",
        "order": 1
    }
}