{
    "uid": "25F7934D88E8A648312B1278AADF0ADB1D2C",
    "lastModificationTime": 0,
    "items": {
        "name": "YouTube Player",
        "type": "DataRecordView",
        "parentId": "162D231FKB332A48FCS9A94E205403CA352B",
        "order": 6,
        "category": "youtube",
        "descriptor": {
            "name": "YouTube Player",
            "localizable": true,
            "attribute": "youtubePlayer",
            "sections": [
                {
                    "name": "$$YoutubePlayer.58A3E7F57785504564592684F9B5CFE258F9",
                    "items": [
                        {
                            "type": "GSLabel",
                            "text": "Name :",
                            "localizable": true,
                            "location": {
                                "x": 0,
                                "y": 0
                            },
                            "size": {
                                "w": 70,
                                "h": -1
                            }
                        },
                        {
                            "type": "GSTextField",
                            "attribute": "name",
                            "localizable": true,
                            "location": {
                                "x": 1,
                                "y": 0
                            },
                            "size": {
                                "w": -1,
                                "h": -1
                            },
                            "delegates": []
                        }
                    ]
                },
                {
                    "name": "Setup",
                    "localizable": true,
                    "items": [
                        {
                            "type": "GSLabel",
                            "text": "Select Quality",
                            "localizable": true,
                            "group": "VideoQuality",
                            "frame": [
                                0,
                                0,
                                128,
                                32
                            ]
                        },
                        {
                            "type": "GSComboBox",
                            "identifier": "quality",
                            "group": "VideoQuality",
                            "defaultValue": "default",
                            "localizable": true,
                            "dataSource": [
                                {
                                    "name": "$$YoutubePlayer.995400FB47789345B19B19E03EF6E66413BD",
                                    "alias": "default"
                                },
                                {
                                    "name": "240p (4:3)",
                                    "alias": "small"
                                },
                                {
                                    "name": "360p (4:3)",
                                    "alias": "medium"
                                },
                                {
                                    "name": "480p (4:3)",
                                    "alias": "large"
                                },
                                {
                                    "name": "720p (4:3)",
                                    "alias": "hd720"
                                },
                                {
                                    "name": "1080p (4:3, 1440x1080)",
                                    "alias": "hd1080"
                                },
                                {
                                    "name": "$$YoutubePlayer.C31D03751F8CA348B15B8E52333DF2A93E88",
                                    "alias": "highres"
                                }
                            ],
                            "attribute": "quality",
                            "refreshRootView": true,
                            "frame": [
                                3,
                                0
                            ]
                        }
                    ]
                },
                {
                    "name": "Set Video Size",
                    "localizable": true,
                    "items": [
                        {
                            "type": "GSLabel",
                            "text": "Width :",
                            "localizable": true,
                            "group": "VideoSize",
                            "frame": [
                                0,
                                0,
                                120,
                                32
                            ]
                        },
                        {
                            "type": "GSStepper",
                            "localizable": true,
                            "defaultValue": 560,
                            "minimum": 160,
                            "maximum": 1280,
                            "attribute": "videoWidth",
                            "group": "VideoSize",
                            "frame": [
                                1,
                                0,
                                128,
                                32
                            ]
                        },
                        {
                            "type": "GSLabel",
                            "localizable": true,
                            "text": "$$YoutubePlayer.738E36651FEC584B252B4FA003805C70852E",
                            "group": "VideoSize",
                            "frame": [
                                2,
                                0,
                                128,
                                32
                            ]
                        },
                        {
                            "type": "GSStepper",
                            "localizable": true,
                            "defaultValue": 315,
                            "minimum": 120,
                            "maximum": 720,
                            "attribute": "videoHeight",
                            "group": "VideoSize",
                            "frame": [
                                3,
                                0,
                                128,
                                32
                            ]
                        }
                    ]
                },
                {
                    "name": "Loop ON/OFF",
                    "localizable": true,
                    "items": [
                        {
                            "type": "GSLabel",
                            "text": "$$YoutubePlayer.6AB2228E466E754DE6582B034259F8192B6F",
                            "localizable": true,
                            "group": "looping",
                            "frame": [
                                0,
                                0,
                                128,
                                32
                            ]
                        },
                        {
                            "type": "GSStepper",
                            "group": "looping",
                            "localizable": true,
                            "defaultValue": 0,
                            "minimum": 0,
                            "maximum": 1,
                            "toolTip": "if the value is 1 is to true, else if it it is 0 is to false",
                            "attribute": "isLooping",
                            "frame": [
                                1,
                                0
                            ]
                        }
                    ]
                },
                {
                    "name": "Callback Time",
                    "localizable": true,
                    "items": [
                        {
                            "type": "GSLabel",
                            "text": "ms :",
                            "group": "callback",
                            "frame": [
                                0,
                                0,
                                128,
                                32
                            ]
                        },
                        {
                            "type": "GSStepper",
                            "group": "callback",
                            "localizable": true,
                            "defaultValue": 2000,
                            "minimum": 0,
                            "maximum": 5000,
                            "attribute": "callbackTime",
                            "frame": [
                                1,
                                0
                            ]
                        }
                    ]
                }
            ]
        },
        "rawContent": "{\r\n    \"parentId\": \"162D231FKB332A48FCS9A94E205403CA352B\",    \r\n    \"type\": \"DataRecordView\",\r\n    \"order\": 7,\r\n    \"category\": \"youtube\",\r\n    \"descriptor\": {\r\n        \"name\": lcs('YoutubePlayer.D0537B669AE44844AA281383855FF4F97DBD'),\r\n        \"localizable\": true,\r\n        \"attribute\": \"youtubePlayer\",\r\n        \"sections\": [\r\n            {\r\n                \"name\": \"$$YoutubePlayer.58A3E7F57785504564592684F9B5CFE258F9\",\r\n                \"items\": [\r\n                    {\r\n                        \"type\": \"GSLabel\",\r\n                        \"text\": lcs('YoutubePlayer.4DD6E071550CD848861AC3D4383C2207E245'),\r\n                        \"localizable\": true,\r\n                        \"location\": {\r\n                            \"x\": 0,\r\n                            \"y\": 0\r\n                        },\r\n                        \"size\": {\r\n                            \"w\": 70,\r\n                            \"h\": -1\r\n                        }\r\n                    },\r\n                    {\r\n                        \"type\": \"GSTextField\",\r\n                        \"attribute\": \"name\",\r\n                        \"localizable\": true,\r\n                        \"location\": {\r\n                            \"x\": 1,\r\n                            \"y\": 0\r\n                        },\r\n                        \"size\": {\r\n                            \"w\": -1,\r\n                            \"h\": -1\r\n                        },\r\n                        \"delegates\": []\r\n                    }\r\n                ]\r\n            },\r\n            {\r\n                \"name\": lcs('YoutubePlayer.638F9EE221A21942247B4155002A6AD23044'),\r\n                \"localizable\": true,\r\n                \"items\": [            \r\n                    {\r\n                        \"type\": \"GSLabel\",\r\n                        \"text\": lcs('YoutubePlayer.794909082A2BB1465C6A81370142E733E3F3'),\r\n                        \"localizable\": true,\r\n                        \"group\": \"VideoQuality\",\r\n                        \"frame\": [\r\n                            0,\r\n                            0,\r\n                            128,\r\n                            32\r\n                        ]\r\n                    },\r\n                    {\r\n                        \"type\": \"GSComboBox\",\r\n                        \"identifier\": \"quality\",\r\n                        \"group\": \"VideoQuality\",\r\n                        \"defaultValue\": \"default\",\r\n                        \"localizable\": true,\r\n                        \"dataSource\": [\r\n                            { name: \"$$YoutubePlayer.995400FB47789345B19B19E03EF6E66413BD\", alias: \"default\"},\r\n                            { name: \"240p (4:3)\", alias: \"small\"},\r\n                            { name: \"360p (4:3)\", alias: \"medium\"},\r\n                            { name: \"480p (4:3)\", alias: \"large\"},\r\n                            { name: \"720p (4:3)\", alias: \"hd720\"},\r\n                            { name: \"1080p (4:3, 1440x1080)\", alias: \"hd1080\"},\r\n                            { name: \"$$YoutubePlayer.C31D03751F8CA348B15B8E52333DF2A93E88\", alias: \"highres\"}\r\n                        ],\r\n                        \"attribute\": \"quality\",\r\n                        \"refreshRootView\": true,\r\n                        \"frame\": [\r\n                            3,\r\n                            0\r\n                        ]                        \r\n                    }\r\n                ]\r\n            },\r\n            {\r\n                \"name\":lcs('YoutubePlayer.3178C27708A4714F473AE3D5396EB968ECBC'),\r\n                \"localizable\": true,\r\n                \"items\": [\r\n                    {\r\n                        \"type\": \"GSLabel\",\r\n                        \"text\": lcs('YoutubePlayer.204872C02841574E4C6A2AE61E017666C375'),\r\n                        \"localizable\": true,\r\n                        \"group\": \"VideoSize\",\r\n                        \"frame\": [\r\n                            0, \r\n                            0,\r\n                            120,\r\n                            32\r\n                        ]\r\n                    },\r\n                    {\r\n                        \"type\": \"GSStepper\",\r\n                        \"localizable\": true,\r\n                        \"defaultValue\": 560,\r\n                        \"minimum\": 160,\r\n                        \"maximum\": GS.GAME.resolution().width,\r\n                        \"attribute\": \"videoWidth\",\r\n                        \"group\": \"VideoSize\",\r\n                        \"frame\": [\r\n                            1, \r\n                            0,\r\n                            128,\r\n                            32                            \r\n                            ]\r\n                    },\r\n                    {\r\n                        \"type\": \"GSLabel\",\r\n                        \"localizable\": true,\r\n                        \"text\": \"$$YoutubePlayer.738E36651FEC584B252B4FA003805C70852E\",\r\n                        \"group\": \"VideoSize\",\r\n                        \"frame\": [\r\n                            2, \r\n                            0,\r\n                            128,\r\n                            32\r\n                        ]\r\n                    },\r\n                    {\r\n                        \"type\": \"GSStepper\",\r\n                        \"localizable\": true,\r\n                        \"defaultValue\": 315,\r\n                        \"minimum\": 120,\r\n                        \"maximum\": GS.GAME.resolution().height,\r\n                        \"attribute\": \"videoHeight\",\r\n                        \"group\": \"VideoSize\",\r\n                        \"frame\": [\r\n                            3, \r\n                            0,\r\n                            128,\r\n                            32\r\n                            ]\r\n                    }                    \r\n                ]\r\n            },\r\n            {\r\n                \"name\": lcs('YoutubePlayer.36361FFD1F93B649D0689496BDF5A84BF05A'),\r\n                \"localizable\": true,\r\n                \"items\": [\r\n                    {\r\n                        \"type\": \"GSLabel\",\r\n                        \"text\": \"$$YoutubePlayer.6AB2228E466E754DE6582B034259F8192B6F\",\r\n                        \"localizable\": true,\r\n                        \"group\": \"looping\",\r\n                        \"frame\": [0, 0, 128, 32]\r\n                    },\r\n                    {\r\n                        \"type\": \"GSStepper\",\r\n                        \"group\": \"looping\",\r\n                        \"localizable\": true,\r\n                        \"defaultValue\": 0,\r\n                        \"minimum\": 0,\r\n                        \"maximum\": 1,\r\n                        \"toolTip\": lcs('YoutubePlayer.544642DD3A1DA043BB8A58B2720827216AA4'),\r\n                        \"attribute\": \"isLooping\",\r\n                        \"frame\": [\r\n                            1, \r\n                            0\r\n                        ]\r\n                    }     \r\n                ]\r\n            },\r\n            {\r\n                \"name\": lcs('YoutubePlayer.A7CB73E5548AE6481D8B1D19E88541565A03'),\r\n                \"localizable\": true,\r\n                \"items\": [\r\n                    {\r\n                        \"type\": \"GSLabel\",\r\n                        \"text\": lcs('YoutubePlayer.4AEDD0DF637CA04263986372895B228604EB'), \r\n                        \"group\": \"callback\",\r\n                        \"frame\": [0, 0, 128, 32]\r\n                    },\r\n                    {\r\n                        \"type\": \"GSStepper\",\r\n                        \"group\": \"callback\",\r\n                        \"localizable\": true,\r\n                        \"defaultValue\": 2000,\r\n                        \"minimum\": 0,\r\n                        \"maximum\": 5000,\r\n                        \"attribute\": \"callbackTime\",\r\n                        \"frame\": [\r\n                            1, \r\n                            0\r\n                        ]\r\n                    }  \r\n                ]\r\n            }\r\n        ]\r\n    }\r\n}"
    }
}