{
    "uid": "30D6AD022EFC644D6C5AC64464DCFD9DD795",
    "lastModificationTime": 0,
    "items": {
        "name": "RS_YoutubePlayer",
        "type": "game_script",
        "order": 9,
        "content": "/**\r\n* RS_YoutubePlayer (v1.0.2)\r\n* ====================================================\r\n* Change Log\r\n* ====================================================\r\n* 2018.08.23 (v1.0.0) - First Release.\r\n* 2018.08.24 (v1.0.1) : \r\n* - Now Youtube Player would control parameters using Record Manager.\r\n* - Youtube Player could return as the previous scene after finished the video.\r\n* - Added setSize method.\r\n* 2018.08.24 (v1.0.2) - Supported for Action-based UI.\r\n*/\r\nvar Imported = Imported || {};\r\nImported.RS_YoutubePlayer = true;\r\n\r\nvar player;\r\nvar RS = RS || {};\r\nRS.YoutubePlayer = RS.YoutubePlayer || {};\r\nRS.YoutubePlayer.Params = RS.YoutubePlayer.Params || {};\r\n\r\nfunction YTPlayer() {\r\n    throw new Error(\"This is a static class\");\r\n}\r\n\r\n//----------------------------------------------------------------------------\r\n// Youtube Event Handler\r\n//\r\n//\r\nfunction onYouTubeIframeAPIReady() {\r\n    \r\n    if(RecordManager.youtubePlayer && RecordManager.youtubePlayer[0]) {    \r\n        var item = RecordManager.youtubePlayer[0];\r\n    }\r\n    \r\n    player = new YT.Player('ytplayer-iframe', {\r\n        height: item.videoWidth || 560,\r\n        width: item.videoHeight || 315,\r\n        videoId: 'BIbpYySZ-2Q',\r\n        fs: 1,\r\n        autoplay: 1,\r\n        enablejsapi: 1,\r\n        rel: 1,\r\n        showinfo: 0,\r\n        playsinline: 0,\r\n        controls: 0,\r\n        autohide: 1,\r\n        loop: 1,\r\n        events: {\r\n            'onReady': onPlayerReady,\r\n            'onStateChange': onPlayerStateChange,\r\n            'onError': onPlayerError\r\n        }\r\n    });\r\n}\r\n\r\nfunction onPlayerReady(event) {\r\n    var target = event.target;\r\n    target.playVideo();\r\n}\r\n\r\nfunction onPlayerError(event) {\r\n    var errorLog = \"\";\r\n    switch (event.data) {\r\n        case 2:\r\n        // 요청에 잘못된 매개변수 값이 포함되어 있습니다. 예를 들어 11자리가 아닌 동영상 ID를 지정하거나\r\n        // 동영상 ID에 느낌표 또는 별표와 같은 잘못된 문자가 포함된 경우에 이 오류가 발생합니다.\r\n        errorLog += \"요청에 잘못된 매개변수 값이 포함되어 있습니다. 예를 들어 11자리가 아닌 동영상 ID를 지정하거나 동영상 ID에 느낌표 또는 별표와 같은 잘못된 문자가 포함된 경우에 이 오류가 발생합니다.\";\r\n        break;\r\n        case 5:\r\n        // 요청한 콘텐츠는 HTML5플레이어에서 재생할 수 없는, 또는 HTML5플레이어에 대한 별도의 에러가 발생했습니다.\r\n        errorLog += \"Error Code : 5\" + '\\r\\n';\r\n        errorLog += \" The requested content cannot be played in an HTML5 player\" + '\\r\\n';\r\n        errorLog += \"or another error related to the HTML5 player has occurred.\" + '\\r\\n';\r\n        break;\r\n        case 100:\r\n        // 요청한 동영상을 찾을 수 없습니다.\r\n        // 어떠한 이유로든 동영상이 삭제되었거나 비공개로 표시된 경우에 이 오류가 발생합니다.\r\n        errorLog += \"Error Code : 100\" + '\\r\\n';\r\n        errorLog += \"The video requested was not found. \" + '\\r\\n';\r\n        errorLog += \"This error occurs when a video has been removed (for any reason) \" + '\\r\\n';\r\n        errorLog += \"or has been marked as private.\" + '\\r\\n';\r\n        break;\r\n        case 101:\r\n        case 150:\r\n        // 요청한 동영상의 소유자가 내장 플레이어에서 동영상을 재생하는 것을 허용하지 않습니다.\r\n        errorLog += \"Error Code : 101 or 150\" + '\\r\\n';\r\n        errorLog += \"The owner of the requested video does not allow it to be played in embedded players.\";\r\n        break;\r\n    }\r\n    YTPlayer.stopVideo();\r\n    window.alert(errorLog);\r\n    YTPlayer.onEnd();\r\n}\r\n\r\nfunction onPlayerStateChange (event) {\r\n    switch(event.data) {\r\n        case YT.PlayerState.ENDED: // 종료됨\r\n        console.log('Video has ended.');\r\n        YTPlayer._status = YT.PlayerState.ENDED;\r\n        if(RS.YoutubePlayer.Params.isLooping) {\r\n            YTPlayer.callPlayer('playVideo', []);\r\n            YTPlayer.callPlayer('seekTo', [0, true]);\r\n        } else {\r\n            console.log(\"YT.PlayerState.ENDED 감지됨\");\r\n            return (function() {\r\n                return setTimeout(function() {\r\n                    YTPlayer.onEnd();\r\n                });\r\n            })();\r\n        }\r\n        break;\r\n        case YT.PlayerState.PLAYING: // 재생 중\r\n        console.log('Video is playing.');\r\n        YTPlayer._status = YT.PlayerState.PLAYING;\r\n        break;\r\n        case YT.PlayerState.PAUSED: // 일시 중지\r\n        console.log('Video is paused.');\r\n        YTPlayer._status = YT.PlayerState.PAUSED\r\n        break;\r\n        case YT.PlayerState.BUFFERING: // 버퍼링\r\n        console.log('Video is buffering.');\r\n        YTPlayer._status = YT.PlayerState.BUFFERING;\r\n        break;\r\n        case YT.PlayerState.CUED: // 동영상 신호\r\n        console.log('Video is cued.');\r\n        YTPlayer._status = YT.PlayerState.CUED;\r\n        break;\r\n        default: // 시작 전\r\n        console.log('Unrecognized state.');\r\n        break;\r\n    }\r\n}\r\n\r\n(function() {\r\n    \r\n    YTPlayer._boundRect = new gs.Rect(0, 0, 1, 1);\r\n    \r\n    var quality = 'hd720';\r\n    RS.YoutubePlayer.Params.viewSize = 'Normal';\r\n    RS.YoutubePlayer.Params.isLooping = false;\r\n    RS.YoutubePlayer.Params.videoWidth = 560;\r\n    RS.YoutubePlayer.Params.videoHeight = 315;\r\n    RS.YoutubePlayer.Params.callbackTime = 2000;\r\n    \r\n    (function() {\r\n        \r\n        if(RecordManager.youtubePlayer && RecordManager.youtubePlayer[0]) {\r\n            var item = RecordManager.youtubePlayer[0];\r\n            RS.YoutubePlayer.Params.videoWidth = parseInt(item.videoWidth);\r\n            RS.YoutubePlayer.Params.videoHeight = parseInt(item.videoHeight);\r\n            quality = item.quality;\r\n            RS.YoutubePlayer.Params.isLooping = (item.isLooping === 1);\r\n            RS.YoutubePlayer.Params.callbackTime = parseInt(item.callbackTime) || 2000;\r\n        }\r\n        \r\n    })();\r\n    \r\n    //================================================================\r\n    // YTPlayer for JQuery\r\n    //================================================================\r\n    \r\n    YTPlayer.initialize = function(width, height) {\r\n        \"use strict\";\r\n        var tw = window.outerWidth - window.innerWidth;\r\n        var th = window.outerHeight - window.innerHeight;\r\n        var viewMode = RS.YoutubePlayer.Params.viewSize;\r\n        this._init = false;\r\n        this._status = -1;\r\n        \r\n        this._ytPlayer = jQuery('<div>');\r\n        this._ytPlayer.attr(\"id\", 'ytplayer');\r\n        this._ytPlayer.attr(\"width\", (viewMode === 'Fullscreen' ) ? `${width - tw}px` : '560px');\r\n        this._ytPlayer.attr(\"height\", (viewMode === 'Fullscreen' ) ? `${height - th}px` : '315px');\r\n        jQuery(\"body\").append(this._ytPlayer);\r\n        this._tag = document.createElement('script');\r\n        this._tag.src = \"https://www.youtube.com/iframe_api\";            \r\n        \r\n        this.createIframe();\r\n        \r\n    };\r\n    \r\n    YTPlayer.createIframe = function () {\r\n        if(this._ytPlayer && this._iframe && this._iframe[0]) {\r\n            this._iframe.remove();\r\n        }\r\n        var viewMode = RS.YoutubePlayer.Params.viewSize;\r\n        this._iframe = jQuery('<iframe>');\r\n        this._iframe.attr(\"id\", 'ytplayer-iframe');\r\n        \r\n        var width = (viewMode === 'Fullscreen' ) ? gs.Graphics.width + \"px\" : '560px';\r\n        var height = (viewMode === 'Fullscreen' ) ? gs.Graphics.height + \"px\" : '315px'\r\n        this._iframe.attr(\"width\", width);\r\n        this._iframe.attr(\"height\", height);\r\n        this._iframe.css(\"opacity\", \"0\");\r\n        this._iframe.css(\"z-index\", \"0\");\r\n        this._iframe.attr(\"frameBorder\", 0);\r\n        this._iframe.attr(\"allowfullscreen\", true);\r\n        this._iframe.css(\"left\", 0);\r\n        this._iframe.css(\"top\", 0);\r\n        this._iframe.css(\"right\", \"0\");\r\n        this._iframe.css(\"bottom\", \"0\");\r\n        this._iframe.css(\"margin\", \"auto\");\r\n        this._iframe.css(\"position\", \"absolute\");\r\n        this._iframe.css(\"width\", width);\r\n        this._iframe.css(\"height\", height);\r\n        if(this._ytPlayer) {\r\n            this._ytPlayer.append(this._iframe);\r\n        }\r\n    };\r\n    \r\n    YTPlayer.preVideo = function(src) {\r\n        if(src) {\r\n            this._iframe.attr(\"src\", 'https://www.youtube.com/embed/{0}?enablejsapi=1&version=3'.format(src));\r\n        }\r\n        \r\n        this._iframe.css(\"opacity\", '1');\r\n        this._iframe.css(\"z-index\",'60');\r\n        \r\n        if(!this._init) {\r\n            this._firstScriptTag = document.getElementsByTagName('script')[0];\r\n            this._firstScriptTag.parentNode.insertBefore(this._tag, this._firstScriptTag);\r\n            this._init = true;\r\n        } else {\r\n            window.onYouTubeIframeAPIReady();\r\n        }\r\n    };\r\n    \r\n    YTPlayer.playVideo = function(src) {\r\n        this.createIframe();\r\n        this.preVideo(src);\r\n        jQuery(\"canvas\").css(\"opacity\", \"0.0\");\r\n    };\r\n    \r\n    YTPlayer.dispose = function() {\r\n        YTPlayer.removeAllElement();\r\n        if(this._iframe[0]) {\r\n            this._iframe.remove();\r\n            this._iframe = null;\r\n        }\r\n        if(this._ytPlayer[0]) {\r\n            this._ytPlayer.remove();\r\n            this._ytPlayer = null;\r\n        }\r\n        this._init = false;\r\n    };\r\n    \r\n    YTPlayer.stopVideo = function() {\r\n        if(!this._iframe) return;\r\n        this._iframe.css(\"opacity\", \"0.0\");\r\n        this._iframe.css(\"z-index\", \"0\");\r\n        jQuery(\"canvas\").css(\"opacity\", \"1.0\");\r\n        this.callPlayer(\"stopVideo\");\r\n    };\r\n    \r\n    YTPlayer.removeAllElement = function() {\r\n        this.stopVideo();\r\n    };\r\n    \r\n    YTPlayer.callPlayer = function(func, args) {\r\n        if(!this._iframe) return;\r\n        var frame_id = 'ytplayer-iframe';\r\n        var src = this._iframe[0].src;\r\n        if (src.indexOf('youtube.com/embed') != -1) {\r\n            this._iframe[0].contentWindow.postMessage(JSON.stringify({\r\n                'event': 'command',\r\n                'func': func,\r\n                'args': args || [],\r\n                'id': frame_id\r\n            }), \"*\");\r\n        }\r\n    };\r\n    \r\n    YTPlayer.isOnPlayer = function() {\r\n        if(!this._iframe) return false;\r\n        if(!this._iframe[0]) return false;\r\n        if(!this._iframe[0].contentWindow) return false\r\n        if(!this._ytPlayer) return false;\r\n        return this._init;\r\n    };\r\n    \r\n    YTPlayer.isPlaying = function() {\r\n        if(this._status === YT.PlayerState.PLAYING) {\r\n            return true;\r\n        }\r\n        return false;\r\n    };\r\n    \r\n    YTPlayer.isPaused = function() {\r\n        if(this._status === YT.PlayerState.PAUSED) {\r\n            return true;\r\n        }\r\n        return false;\r\n    };\r\n    \r\n    YTPlayer.isBuffering = function() {\r\n        if(this._status === YT.PlayerState.BUFFERING) {\r\n            return true;\r\n        }\r\n        return false;\r\n    };\r\n    \r\n    YTPlayer.isEnded = function() {\r\n        if(this._status === YT.PlayerState.ENDED || this._status === YT.PlayerState.CUED) {\r\n            return true;\r\n        }\r\n        return false;\r\n    };\r\n    \r\n    YTPlayer.getRect = function() {\r\n        var w, h, gw, gh, x1, x2, y1, y2;\r\n        w = RS.YoutubePlayer.Params.videoWidth / 2;\r\n        h = RS.YoutubePlayer.Params.videoHeight / 2;\r\n        gw = (gs.Graphics.width / 2);\r\n        gh = (gs.Graphics.height / 2);\r\n        x1 = gw - w;\r\n        x2 = gw + w;\r\n        y1 = gh - h;\r\n        y2 = gh + h;\r\n        this._boundRect.set(x1, y1, w, h);\r\n        return this._boundRect;\r\n    };\r\n    \r\n    YTPlayer.isTouched = function(x, y) {\r\n        var rect = this.getRect();\r\n        return rect.contains(x, y);\r\n    };\r\n    \r\n    YTPlayer.urlUtils = function (src) {\r\n        \r\n        var url = new URL(src);\r\n        var urlParams = {};\r\n        url.search.substring(1)\r\n        .split('&')\r\n        .map(function(i) { return i.split('=') })\r\n        .forEach(function (e, i, a) {\r\n            urlParams[e[0]] = e[1];\r\n        });\r\n        \r\n        if(src.match(/(?:http|https)+(?:\\:\\/\\/youtu.be\\/)+(.*)/gi)) {\r\n            urlParams['v'] = String(RegExp.$1);\r\n        }\r\n        \r\n        return urlParams;\r\n    };\r\n    \r\n    YTPlayer.playYoutube = function(src) {\r\n        var lastStep;\r\n        var params = YTPlayer.urlUtils(src);\r\n        var url = params[\"v\"] || 'BIbpYySZ-2Q';\r\n        var startSecond = Number(params[\"t\"]) || 0;\r\n        YTPlayer.playVideo(url);\r\n        lastStep = setInterval(function() {\r\n            YTPlayer.callPlayer('playVideo');\r\n            YTPlayer.callPlayer('setLoop', [RS.YoutubePlayer.Params.isLooping]);\r\n            YTPlayer.callPlayer('setSize', [RS.YoutubePlayer.Params.videoWidth, RS.YoutubePlayer.Params.videoHeight]);\r\n            YTPlayer.callPlayer('setPlaybackQuality', [quality]);\r\n            YTPlayer.callPlayer('seekTo', [startSecond, true]);\r\n            if(YTPlayer.isOnPlayer()) {\r\n                clearInterval(lastStep);\r\n            }\r\n        }, 2000);\r\n    };\r\n    \r\n    YTPlayer.isVideoVisible = function() {\r\n        var youtubePlayer = jQuery('#ytplayer-iframe');\r\n        return (youtubePlayer[0] && youtubePlayer.css(\"opacity\") > 0);\r\n    };\r\n    \r\n    YTPlayer.onEnd = function() {};\r\n    \r\n    YTPlayer.updateFrame = function() {\r\n        gs.Main.updateFrame();\r\n        if(YTPlayer.isOnPlayer() && YTPlayer.isVideoVisible()) {\r\n            YTPlayer.requestUpdateFrame();\r\n        }\r\n    };\r\n    \r\n    YTPlayer.requestUpdateFrame = function() {\r\n        var id = window.requestAnimationFrame(YTPlayer.updateFrame);\r\n        return id;\r\n    };\r\n    \r\n    //================================================================\r\n    // Component_PlayingYoutubeGameScene\r\n    //================================================================\r\n    \r\n    class Component_PlayingYoutubeGameScene extends vn.Component_GameSceneBehavior\r\n    {\r\n     \r\n        initialize() {\r\n            super.initialize();       \r\n        }\r\n\r\n        playYoutubeVideo(src) {\r\n            let w = $PARAMS.resolution.width || 800;\r\n            let h = $PARAMS.resolution.height || 600;\r\n            YTPlayer.initialize(w, h);\r\n            YTPlayer.playYoutube(src);\r\n            return setTimeout(function() {\r\n                YTPlayer.requestUpdateFrame();\r\n            }, 100);      \r\n\r\n        }\r\n        \r\n        updateContent() {\r\n            this.checkEscapeToYoutube();      \r\n            super.updateContent();\r\n        } \r\n        \r\n        checkEscapeToYoutube() {\r\n            \r\n            let x = Input.Mouse.x || 0;\r\n            let y = Input.Mouse.y || 0;\r\n            \r\n            if(Input.Mouse.buttons[Input.Mouse.LEFT] == 1) { // mouse down == 1\r\n                if(!YTPlayer.isTouched(x, y) && (YTPlayer._status > 0) ) {\r\n                    YTPlayer.stopVideo();\r\n                    YTPlayer.onEnd();\r\n                }\r\n            }  \r\n            \r\n        }\r\n        \r\n        dispose() {\r\n            super.dispose();\r\n        }\r\n        \r\n    }\r\n    \r\n    vn.Component_GameSceneBehavior = Component_PlayingYoutubeGameScene;\r\n    \r\n    //================================================================\r\n    // Component_CommandInterpreterForYoutube\r\n    //================================================================\r\n\r\n    class Component_CommandInterpreterForYoutube extends gs.Component_CommandInterpreter {\r\n\r\n        assignCommand (command) {\r\n            switch (command.id) {\r\n                case \"gs.PlayYoutubeVideo\":\r\n                return command.execute = this.commandYoutubeVideo;\r\n            };    \r\n            return super.assignCommand(command);\r\n        }\r\n        \r\n        commandYoutubeVideo() \r\n        {\r\n            let scene, src;\r\n\r\n            if ((GameManager.inLivePreview || GameManager.settings.allowVideoSkip) && GameManager.tempSettings.skip) {\r\n                return;\r\n            }\r\n            GameManager.tempSettings.skip = false;\r\n            scene = SceneManager.scene;\r\n            src = lcsm(this.params.src);\r\n            \r\n            /**\r\n            * iframe이 있으면 브라우저의 콜백 함수인 requestAnimationFrame 메서드가 중단된다.\r\n            * Visual Novel Maker의 game loop는 알만툴과 달라서 멈춘 callback이 다시 재실행되지 않는다.\r\n            * 게임 루프가 돌지 않으면 렌더링도 되지 않으므로 화면은 검은색으로 처리된다.\r\n            * 따라서 유튜브 동영상 재생 이후, iframe을 완벽하게 삭제한 후 재시작 처리 작업이 필요하다.\r\n            * 약 2초간의 시간이 적절한 것으로 파악되었다.\r\n            * 2초 이후에는 렌더링이 다시 재개된다. \r\n            */\r\n            YTPlayer.onEnd = function() {\r\n                // 다음 이벤트 커맨드 실행을 재개한다.\r\n                this.interpreter.isWaiting = false;\r\n                YTPlayer.dispose()\r\n                return setTimeout(function() {\r\n                    // 렌더링을 재개한다.\r\n                    Graphics.onEachFrame(gs.Main.frameCallback);\r\n                    gs.Audio.resume();\r\n                    Input.clear();       \r\n                    // 포커스를 되찾는다.\r\n                    Graphics.canvas.focus();   \r\n                    window.focus();\r\n                }, RS.YoutubePlayer.Params.callbackTime);\r\n            }.bind(this);\r\n            \r\n            // 씬의 기능도 컴포넌트로 분리되어있음을 알아야 한다.\r\n            scene.behavior.playYoutubeVideo(src);\r\n            this.interpreter.isWaiting = true;\r\n            \r\n            return gs.GameNotifier.postMinorChange();\r\n            \r\n        }       \r\n    }\r\n\r\n    gs.Component_CommandInterpreter = Component_CommandInterpreterForYoutube;\r\n    \r\n})();\r\n",
        "parentId": "ROOT",
        "folder": false,
        "scriptType": 1,
        "compiledContent": "/**\r\n* RS_YoutubePlayer (v1.0.2)\r\n* ====================================================\r\n* Change Log\r\n* ====================================================\r\n* 2018.08.23 (v1.0.0) - First Release.\r\n* 2018.08.24 (v1.0.1) : \r\n* - Now Youtube Player would control parameters using Record Manager.\r\n* - Youtube Player could return as the previous scene after finished the video.\r\n* - Added setSize method.\r\n* 2018.08.24 (v1.0.2) - Supported for Action-based UI.\r\n*/\r\nvar Imported = Imported || {};\r\nImported.RS_YoutubePlayer = true;\r\n\r\nvar player;\r\nvar RS = RS || {};\r\nRS.YoutubePlayer = RS.YoutubePlayer || {};\r\nRS.YoutubePlayer.Params = RS.YoutubePlayer.Params || {};\r\n\r\nfunction YTPlayer() {\r\n    throw new Error(\"This is a static class\");\r\n}\r\n\r\n//----------------------------------------------------------------------------\r\n// Youtube Event Handler\r\n//\r\n//\r\nfunction onYouTubeIframeAPIReady() {\r\n    \r\n    if(RecordManager.youtubePlayer && RecordManager.youtubePlayer[0]) {    \r\n        var item = RecordManager.youtubePlayer[0];\r\n    }\r\n    \r\n    player = new YT.Player('ytplayer-iframe', {\r\n        height: item.videoWidth || 560,\r\n        width: item.videoHeight || 315,\r\n        videoId: 'BIbpYySZ-2Q',\r\n        fs: 1,\r\n        autoplay: 1,\r\n        enablejsapi: 1,\r\n        rel: 1,\r\n        showinfo: 0,\r\n        playsinline: 0,\r\n        controls: 0,\r\n        autohide: 1,\r\n        loop: 1,\r\n        events: {\r\n            'onReady': onPlayerReady,\r\n            'onStateChange': onPlayerStateChange,\r\n            'onError': onPlayerError\r\n        }\r\n    });\r\n}\r\n\r\nfunction onPlayerReady(event) {\r\n    var target = event.target;\r\n    target.playVideo();\r\n}\r\n\r\nfunction onPlayerError(event) {\r\n    var errorLog = \"\";\r\n    switch (event.data) {\r\n        case 2:\r\n        // 요청에 잘못된 매개변수 값이 포함되어 있습니다. 예를 들어 11자리가 아닌 동영상 ID를 지정하거나\r\n        // 동영상 ID에 느낌표 또는 별표와 같은 잘못된 문자가 포함된 경우에 이 오류가 발생합니다.\r\n        errorLog += \"요청에 잘못된 매개변수 값이 포함되어 있습니다. 예를 들어 11자리가 아닌 동영상 ID를 지정하거나 동영상 ID에 느낌표 또는 별표와 같은 잘못된 문자가 포함된 경우에 이 오류가 발생합니다.\";\r\n        break;\r\n        case 5:\r\n        // 요청한 콘텐츠는 HTML5플레이어에서 재생할 수 없는, 또는 HTML5플레이어에 대한 별도의 에러가 발생했습니다.\r\n        errorLog += \"Error Code : 5\" + '\\r\\n';\r\n        errorLog += \" The requested content cannot be played in an HTML5 player\" + '\\r\\n';\r\n        errorLog += \"or another error related to the HTML5 player has occurred.\" + '\\r\\n';\r\n        break;\r\n        case 100:\r\n        // 요청한 동영상을 찾을 수 없습니다.\r\n        // 어떠한 이유로든 동영상이 삭제되었거나 비공개로 표시된 경우에 이 오류가 발생합니다.\r\n        errorLog += \"Error Code : 100\" + '\\r\\n';\r\n        errorLog += \"The video requested was not found. \" + '\\r\\n';\r\n        errorLog += \"This error occurs when a video has been removed (for any reason) \" + '\\r\\n';\r\n        errorLog += \"or has been marked as private.\" + '\\r\\n';\r\n        break;\r\n        case 101:\r\n        case 150:\r\n        // 요청한 동영상의 소유자가 내장 플레이어에서 동영상을 재생하는 것을 허용하지 않습니다.\r\n        errorLog += \"Error Code : 101 or 150\" + '\\r\\n';\r\n        errorLog += \"The owner of the requested video does not allow it to be played in embedded players.\";\r\n        break;\r\n    }\r\n    YTPlayer.stopVideo();\r\n    window.alert(errorLog);\r\n    YTPlayer.onEnd();\r\n}\r\n\r\nfunction onPlayerStateChange (event) {\r\n    switch(event.data) {\r\n        case YT.PlayerState.ENDED: // 종료됨\r\n        console.log('Video has ended.');\r\n        YTPlayer._status = YT.PlayerState.ENDED;\r\n        if(RS.YoutubePlayer.Params.isLooping) {\r\n            YTPlayer.callPlayer('playVideo', []);\r\n            YTPlayer.callPlayer('seekTo', [0, true]);\r\n        } else {\r\n            console.log(\"YT.PlayerState.ENDED 감지됨\");\r\n            return (function() {\r\n                return setTimeout(function() {\r\n                    YTPlayer.onEnd();\r\n                });\r\n            })();\r\n        }\r\n        break;\r\n        case YT.PlayerState.PLAYING: // 재생 중\r\n        console.log('Video is playing.');\r\n        YTPlayer._status = YT.PlayerState.PLAYING;\r\n        break;\r\n        case YT.PlayerState.PAUSED: // 일시 중지\r\n        console.log('Video is paused.');\r\n        YTPlayer._status = YT.PlayerState.PAUSED\r\n        break;\r\n        case YT.PlayerState.BUFFERING: // 버퍼링\r\n        console.log('Video is buffering.');\r\n        YTPlayer._status = YT.PlayerState.BUFFERING;\r\n        break;\r\n        case YT.PlayerState.CUED: // 동영상 신호\r\n        console.log('Video is cued.');\r\n        YTPlayer._status = YT.PlayerState.CUED;\r\n        break;\r\n        default: // 시작 전\r\n        console.log('Unrecognized state.');\r\n        break;\r\n    }\r\n}\r\n\r\n(function() {\r\n    \r\n    YTPlayer._boundRect = new gs.Rect(0, 0, 1, 1);\r\n    \r\n    var quality = 'hd720';\r\n    RS.YoutubePlayer.Params.viewSize = 'Normal';\r\n    RS.YoutubePlayer.Params.isLooping = false;\r\n    RS.YoutubePlayer.Params.videoWidth = 560;\r\n    RS.YoutubePlayer.Params.videoHeight = 315;\r\n    RS.YoutubePlayer.Params.callbackTime = 2000;\r\n    \r\n    (function() {\r\n        \r\n        if(RecordManager.youtubePlayer && RecordManager.youtubePlayer[0]) {\r\n            var item = RecordManager.youtubePlayer[0];\r\n            RS.YoutubePlayer.Params.videoWidth = parseInt(item.videoWidth);\r\n            RS.YoutubePlayer.Params.videoHeight = parseInt(item.videoHeight);\r\n            quality = item.quality;\r\n            RS.YoutubePlayer.Params.isLooping = (item.isLooping === 1);\r\n            RS.YoutubePlayer.Params.callbackTime = parseInt(item.callbackTime) || 2000;\r\n        }\r\n        \r\n    })();\r\n    \r\n    //================================================================\r\n    // YTPlayer for JQuery\r\n    //================================================================\r\n    \r\n    YTPlayer.initialize = function(width, height) {\r\n        \"use strict\";\r\n        var tw = window.outerWidth - window.innerWidth;\r\n        var th = window.outerHeight - window.innerHeight;\r\n        var viewMode = RS.YoutubePlayer.Params.viewSize;\r\n        this._init = false;\r\n        this._status = -1;\r\n        \r\n        this._ytPlayer = jQuery('<div>');\r\n        this._ytPlayer.attr(\"id\", 'ytplayer');\r\n        this._ytPlayer.attr(\"width\", (viewMode === 'Fullscreen' ) ? `${width - tw}px` : '560px');\r\n        this._ytPlayer.attr(\"height\", (viewMode === 'Fullscreen' ) ? `${height - th}px` : '315px');\r\n        jQuery(\"body\").append(this._ytPlayer);\r\n        this._tag = document.createElement('script');\r\n        this._tag.src = \"https://www.youtube.com/iframe_api\";            \r\n        \r\n        this.createIframe();\r\n        \r\n    };\r\n    \r\n    YTPlayer.createIframe = function () {\r\n        if(this._ytPlayer && this._iframe && this._iframe[0]) {\r\n            this._iframe.remove();\r\n        }\r\n        var viewMode = RS.YoutubePlayer.Params.viewSize;\r\n        this._iframe = jQuery('<iframe>');\r\n        this._iframe.attr(\"id\", 'ytplayer-iframe');\r\n        \r\n        var width = (viewMode === 'Fullscreen' ) ? gs.Graphics.width + \"px\" : '560px';\r\n        var height = (viewMode === 'Fullscreen' ) ? gs.Graphics.height + \"px\" : '315px'\r\n        this._iframe.attr(\"width\", width);\r\n        this._iframe.attr(\"height\", height);\r\n        this._iframe.css(\"opacity\", \"0\");\r\n        this._iframe.css(\"z-index\", \"0\");\r\n        this._iframe.attr(\"frameBorder\", 0);\r\n        this._iframe.attr(\"allowfullscreen\", true);\r\n        this._iframe.css(\"left\", 0);\r\n        this._iframe.css(\"top\", 0);\r\n        this._iframe.css(\"right\", \"0\");\r\n        this._iframe.css(\"bottom\", \"0\");\r\n        this._iframe.css(\"margin\", \"auto\");\r\n        this._iframe.css(\"position\", \"absolute\");\r\n        this._iframe.css(\"width\", width);\r\n        this._iframe.css(\"height\", height);\r\n        if(this._ytPlayer) {\r\n            this._ytPlayer.append(this._iframe);\r\n        }\r\n    };\r\n    \r\n    YTPlayer.preVideo = function(src) {\r\n        if(src) {\r\n            this._iframe.attr(\"src\", 'https://www.youtube.com/embed/{0}?enablejsapi=1&version=3'.format(src));\r\n        }\r\n        \r\n        this._iframe.css(\"opacity\", '1');\r\n        this._iframe.css(\"z-index\",'60');\r\n        \r\n        if(!this._init) {\r\n            this._firstScriptTag = document.getElementsByTagName('script')[0];\r\n            this._firstScriptTag.parentNode.insertBefore(this._tag, this._firstScriptTag);\r\n            this._init = true;\r\n        } else {\r\n            window.onYouTubeIframeAPIReady();\r\n        }\r\n    };\r\n    \r\n    YTPlayer.playVideo = function(src) {\r\n        this.createIframe();\r\n        this.preVideo(src);\r\n        jQuery(\"canvas\").css(\"opacity\", \"0.0\");\r\n    };\r\n    \r\n    YTPlayer.dispose = function() {\r\n        YTPlayer.removeAllElement();\r\n        if(this._iframe[0]) {\r\n            this._iframe.remove();\r\n            this._iframe = null;\r\n        }\r\n        if(this._ytPlayer[0]) {\r\n            this._ytPlayer.remove();\r\n            this._ytPlayer = null;\r\n        }\r\n        this._init = false;\r\n    };\r\n    \r\n    YTPlayer.stopVideo = function() {\r\n        if(!this._iframe) return;\r\n        this._iframe.css(\"opacity\", \"0.0\");\r\n        this._iframe.css(\"z-index\", \"0\");\r\n        jQuery(\"canvas\").css(\"opacity\", \"1.0\");\r\n        this.callPlayer(\"stopVideo\");\r\n    };\r\n    \r\n    YTPlayer.removeAllElement = function() {\r\n        this.stopVideo();\r\n    };\r\n    \r\n    YTPlayer.callPlayer = function(func, args) {\r\n        if(!this._iframe) return;\r\n        var frame_id = 'ytplayer-iframe';\r\n        var src = this._iframe[0].src;\r\n        if (src.indexOf('youtube.com/embed') != -1) {\r\n            this._iframe[0].contentWindow.postMessage(JSON.stringify({\r\n                'event': 'command',\r\n                'func': func,\r\n                'args': args || [],\r\n                'id': frame_id\r\n            }), \"*\");\r\n        }\r\n    };\r\n    \r\n    YTPlayer.isOnPlayer = function() {\r\n        if(!this._iframe) return false;\r\n        if(!this._iframe[0]) return false;\r\n        if(!this._iframe[0].contentWindow) return false\r\n        if(!this._ytPlayer) return false;\r\n        return this._init;\r\n    };\r\n    \r\n    YTPlayer.isPlaying = function() {\r\n        if(this._status === YT.PlayerState.PLAYING) {\r\n            return true;\r\n        }\r\n        return false;\r\n    };\r\n    \r\n    YTPlayer.isPaused = function() {\r\n        if(this._status === YT.PlayerState.PAUSED) {\r\n            return true;\r\n        }\r\n        return false;\r\n    };\r\n    \r\n    YTPlayer.isBuffering = function() {\r\n        if(this._status === YT.PlayerState.BUFFERING) {\r\n            return true;\r\n        }\r\n        return false;\r\n    };\r\n    \r\n    YTPlayer.isEnded = function() {\r\n        if(this._status === YT.PlayerState.ENDED || this._status === YT.PlayerState.CUED) {\r\n            return true;\r\n        }\r\n        return false;\r\n    };\r\n    \r\n    YTPlayer.getRect = function() {\r\n        var w, h, gw, gh, x1, x2, y1, y2;\r\n        w = RS.YoutubePlayer.Params.videoWidth / 2;\r\n        h = RS.YoutubePlayer.Params.videoHeight / 2;\r\n        gw = (gs.Graphics.width / 2);\r\n        gh = (gs.Graphics.height / 2);\r\n        x1 = gw - w;\r\n        x2 = gw + w;\r\n        y1 = gh - h;\r\n        y2 = gh + h;\r\n        this._boundRect.set(x1, y1, w, h);\r\n        return this._boundRect;\r\n    };\r\n    \r\n    YTPlayer.isTouched = function(x, y) {\r\n        var rect = this.getRect();\r\n        return rect.contains(x, y);\r\n    };\r\n    \r\n    YTPlayer.urlUtils = function (src) {\r\n        \r\n        var url = new URL(src);\r\n        var urlParams = {};\r\n        url.search.substring(1)\r\n        .split('&')\r\n        .map(function(i) { return i.split('=') })\r\n        .forEach(function (e, i, a) {\r\n            urlParams[e[0]] = e[1];\r\n        });\r\n        \r\n        if(src.match(/(?:http|https)+(?:\\:\\/\\/youtu.be\\/)+(.*)/gi)) {\r\n            urlParams['v'] = String(RegExp.$1);\r\n        }\r\n        \r\n        return urlParams;\r\n    };\r\n    \r\n    YTPlayer.playYoutube = function(src) {\r\n        var lastStep;\r\n        var params = YTPlayer.urlUtils(src);\r\n        var url = params[\"v\"] || 'BIbpYySZ-2Q';\r\n        var startSecond = Number(params[\"t\"]) || 0;\r\n        YTPlayer.playVideo(url);\r\n        lastStep = setInterval(function() {\r\n            YTPlayer.callPlayer('playVideo');\r\n            YTPlayer.callPlayer('setLoop', [RS.YoutubePlayer.Params.isLooping]);\r\n            YTPlayer.callPlayer('setSize', [RS.YoutubePlayer.Params.videoWidth, RS.YoutubePlayer.Params.videoHeight]);\r\n            YTPlayer.callPlayer('setPlaybackQuality', [quality]);\r\n            YTPlayer.callPlayer('seekTo', [startSecond, true]);\r\n            if(YTPlayer.isOnPlayer()) {\r\n                clearInterval(lastStep);\r\n            }\r\n        }, 2000);\r\n    };\r\n    \r\n    YTPlayer.isVideoVisible = function() {\r\n        var youtubePlayer = jQuery('#ytplayer-iframe');\r\n        return (youtubePlayer[0] && youtubePlayer.css(\"opacity\") > 0);\r\n    };\r\n    \r\n    YTPlayer.onEnd = function() {};\r\n    \r\n    YTPlayer.updateFrame = function() {\r\n        gs.Main.updateFrame();\r\n        if(YTPlayer.isOnPlayer() && YTPlayer.isVideoVisible()) {\r\n            YTPlayer.requestUpdateFrame();\r\n        }\r\n    };\r\n    \r\n    YTPlayer.requestUpdateFrame = function() {\r\n        var id = window.requestAnimationFrame(YTPlayer.updateFrame);\r\n        return id;\r\n    };\r\n    \r\n    //================================================================\r\n    // Component_PlayingYoutubeGameScene\r\n    //================================================================\r\n    \r\n    class Component_PlayingYoutubeGameScene extends vn.Component_GameSceneBehavior\r\n    {\r\n     \r\n        initialize() {\r\n            super.initialize();       \r\n        }\r\n\r\n        playYoutubeVideo(src) {\r\n            let w = $PARAMS.resolution.width || 800;\r\n            let h = $PARAMS.resolution.height || 600;\r\n            YTPlayer.initialize(w, h);\r\n            YTPlayer.playYoutube(src);\r\n            return setTimeout(function() {\r\n                YTPlayer.requestUpdateFrame();\r\n            }, 100);      \r\n\r\n        }\r\n        \r\n        updateContent() {\r\n            this.checkEscapeToYoutube();      \r\n            super.updateContent();\r\n        } \r\n        \r\n        checkEscapeToYoutube() {\r\n            \r\n            let x = Input.Mouse.x || 0;\r\n            let y = Input.Mouse.y || 0;\r\n            \r\n            if(Input.Mouse.buttons[Input.Mouse.LEFT] == 1) { // mouse down == 1\r\n                if(!YTPlayer.isTouched(x, y) && (YTPlayer._status > 0) ) {\r\n                    YTPlayer.stopVideo();\r\n                    YTPlayer.onEnd();\r\n                }\r\n            }  \r\n            \r\n        }\r\n        \r\n        dispose() {\r\n            super.dispose();\r\n        }\r\n        \r\n    }\r\n    \r\n    vn.Component_GameSceneBehavior = Component_PlayingYoutubeGameScene;\r\n    \r\n    //================================================================\r\n    // Component_CommandInterpreterForYoutube\r\n    //================================================================\r\n\r\n    class Component_CommandInterpreterForYoutube extends gs.Component_CommandInterpreter {\r\n\r\n        assignCommand (command) {\r\n            switch (command.id) {\r\n                case \"gs.PlayYoutubeVideo\":\r\n                return command.execute = this.commandYoutubeVideo;\r\n            };    \r\n            return super.assignCommand(command);\r\n        }\r\n        \r\n        commandYoutubeVideo() \r\n        {\r\n            let scene, src;\r\n\r\n            if ((GameManager.inLivePreview || GameManager.settings.allowVideoSkip) && GameManager.tempSettings.skip) {\r\n                return;\r\n            }\r\n            GameManager.tempSettings.skip = false;\r\n            scene = SceneManager.scene;\r\n            src = lcsm(this.params.src);\r\n            \r\n            /**\r\n            * iframe이 있으면 브라우저의 콜백 함수인 requestAnimationFrame 메서드가 중단된다.\r\n            * Visual Novel Maker의 game loop는 알만툴과 달라서 멈춘 callback이 다시 재실행되지 않는다.\r\n            * 게임 루프가 돌지 않으면 렌더링도 되지 않으므로 화면은 검은색으로 처리된다.\r\n            * 따라서 유튜브 동영상 재생 이후, iframe을 완벽하게 삭제한 후 재시작 처리 작업이 필요하다.\r\n            * 약 2초간의 시간이 적절한 것으로 파악되었다.\r\n            * 2초 이후에는 렌더링이 다시 재개된다. \r\n            */\r\n            YTPlayer.onEnd = function() {\r\n                // 다음 이벤트 커맨드 실행을 재개한다.\r\n                this.interpreter.isWaiting = false;\r\n                YTPlayer.dispose()\r\n                return setTimeout(function() {\r\n                    // 렌더링을 재개한다.\r\n                    Graphics.onEachFrame(gs.Main.frameCallback);\r\n                    gs.Audio.resume();\r\n                    Input.clear();       \r\n                    // 포커스를 되찾는다.\r\n                    Graphics.canvas.focus();   \r\n                    window.focus();\r\n                }, RS.YoutubePlayer.Params.callbackTime);\r\n            }.bind(this);\r\n            \r\n            // 씬의 기능도 컴포넌트로 분리되어있음을 알아야 한다.\r\n            scene.behavior.playYoutubeVideo(src);\r\n            this.interpreter.isWaiting = true;\r\n            \r\n            return gs.GameNotifier.postMinorChange();\r\n            \r\n        }       \r\n    }\r\n\r\n    gs.Component_CommandInterpreter = Component_CommandInterpreterForYoutube;\r\n    \r\n})();\r\n"
    }
}