{
    "uid": "676FB1465323184C7768C6C60419D3BD8965",
    "lastModificationTime": null,
    "items": {
        "name": "Persistent Variables",
        "type": "persistent_variables",
        "numbers": [
            {
                "name": "My Per",
                "scope": 2,
                "index": 0
            }
        ],
        "strings": [
            {
                "name": "",
                "scope": 2,
                "index": 0
            }
        ],
        "booleans": [
            {
                "name": "",
                "scope": 2,
                "index": 0
            }
        ],
        "lists": [
            {
                "name": "",
                "index": 0,
                "scope": 0
            }
        ],
        "domain": "rs.vnm.youtubeplayer"
    }
}