{
    "uid": "AC822616587C424E4838F153DF5AF957F311",
    "lastModificationTime": null,
    "items": {
        "name": "Persistent Variables",
        "type": "persistent_variables",
        "numbers": [
            {
                "name": "My Per",
                "scope": 2,
                "index": 0
            }
        ],
        "strings": [
            {
                "name": "",
                "scope": 2,
                "index": 0
            }
        ],
        "booleans": [
            {
                "name": "",
                "scope": 2,
                "index": 0
            }
        ],
        "lists": [
            {
                "name": "",
                "index": 0,
                "scope": 0
            }
        ],
        "domain": "rs.vnm.youtubeplayer"
    }
}