{
    "uid": "B016990317F8B44CEE8968878F9C09E1285D",
    "lastModificationTime": 0,
    "items": {
        "parentId": "622D180FKC6D9A4243S8FCBEA38FBF82865C",
        "displayName": "유튜브 동영상 재생",
        "windowTitle": "Play Youtube Video",
        "type": "event_command",
        "id": "gs.PlayYoutubeVideo",
        "group": "$$ADD23624771072411D3A82987C5BE70C8582",
        "subGroup": "$$9E1A5407531CC141D66911387F0B53C14B4F",
        "color": "purple",
        "windowSize": {
            "w": 400
        },
        "columns": [
            400
        ],
        "expanded": true,
        "nodes": [],
        "border": true,
        "defaultValue": {
            "src": "https://youtu.be/xRbPAVnqtcs"
        },
        "fullSizeItems": [
            {
                "valueFormula": "return lcsg(p.src);",
                "type": "GSQTextArea",
                "attribute": "src",
                "defaultValue": "https://youtu.be/xRbPAVnqtcs",
                "localizable": true
            }
        ],
        "sections": [],
        "rawContent": "{\r\n    \"parentId\": \"AFAD6CEFK59C1A4298SBABFE7AEC1B964622\",\r\n    \"displayName\": \"유튜브 동영상 재생\",\r\n    \"windowTitle\": \"Play Youtube Video\",\r\n    \"type\": \"event_command\",\r\n    \"id\": \"gs.PlayYoutubeVideo\",\r\n    \"group\": \"$$ADD23624771072411D3A82987C5BE70C8582\",\r\n    \"subGroup\": \"$$9E1A5407531CC141D66911387F0B53C14B4F\",\r\n    \"color\": \"purple\",\r\n    \"windowSize\": {\r\n        \"w\": 400\r\n    },\r\n    \"columns\": [\r\n        400\r\n    ],    \r\n    \"expanded\": true,    \r\n    \"nodes\": [],\r\n    \"border\": true,\r\n    \"defaultValue\": { \"src\": \"https://youtu.be/xRbPAVnqtcs\"},\r\n    \"fullSizeItems\": [\r\n        {\r\n            \"valueFormula\": \"return lcsg(p.src);\",\r\n            \"type\": \"GSQTextArea\",\r\n            \"attribute\": \"src\",\r\n            \"defaultValue\": \"https://youtu.be/xRbPAVnqtcs\",\r\n            \"localizable\": true\r\n        }\r\n    ],\r\n    \"sections\": [\r\n    ]\r\n}",
        "name": "Play Youtube Video",
        "order": 15
    }
}